{
  "adaptive_trajectory_windows": {
    "best_multi_signal_window_by_pqhr@5": 10,
    "bm25_labeler": true,
    "dataset": "longmemeval_public_s",
    "trajectory_only_predictors": true,
    "windows": {
      "10": {
        "metrics": {
          "multi_signal": {
            "mrr@5": 0.5726575400841747,
            "ndcg@5": 0.377573168880495,
            "pqhr@1": 0.39897725456773026,
            "pqhr@3": 0.7261492569115219,
            "pqhr@5": 0.8592126990891173
          },
          "pure_topic": {
            "mrr@5": 0.5975718673982281,
            "ndcg@5": 0.3898058421391557,
            "pqhr@1": 0.439673999893464,
            "pqhr@3": 0.7369626591381239,
            "pqhr@5": 0.8585202152026847
          },
          "random": {
            "mrr@5": 0.3743186136117259,
            "ndcg@5": 0.2116038262331716,
            "pqhr@1": 0.2045490864539498,
            "pqhr@3": 0.5053001651307729,
            "pqhr@5": 0.6877430352101422
          },
          "recency": {
            "mrr@5": 0.3749604929064577,
            "ndcg@5": 0.2097592362486804,
            "pqhr@1": 0.20881052575507378,
            "pqhr@3": 0.5029031055238907,
            "pqhr@5": 0.6808181963458158
          }
        },
        "sample_count": 18773,
        "trajectory_window": 10
      },
      "15": {
        "metrics": {
          "multi_signal": {
            "mrr@5": 0.5637969501586235,
            "ndcg@5": 0.3601910201401709,
            "pqhr@1": 0.38378876266502915,
            "pqhr@3": 0.7277249002149218,
            "pqhr@5": 0.8547129260055265
          },
          "pure_topic": {
            "mrr@5": 0.5857752533005801,
            "ndcg@5": 0.3690891312353825,
            "pqhr@1": 0.4214921707092416,
            "pqhr@3": 0.7303039607000307,
            "pqhr@5": 0.8556340190359226
          },
          "random": {
            "mrr@5": 0.33635247159961956,
            "ndcg@5": 0.18072134896075814,
            "pqhr@1": 0.17433220755296286,
            "pqhr@3": 0.45452870739944734,
            "pqhr@5": 0.6445194964691434
          },
          "recency": {
            "mrr@5": 0.33525125370994585,
            "ndcg@5": 0.17782698294801674,
            "pqhr@1": 0.17660423702793981,
            "pqhr@3": 0.45213386552041757,
            "pqhr@5": 0.6369051274178692
          }
        },
        "sample_count": 16285,
        "trajectory_window": 15
      },
      "3": {
        "metrics": {
          "multi_signal": {
            "mrr@5": 0.4900584172304109,
            "ndcg@5": 0.3244109495519139,
            "pqhr@1": 0.31332232461513876,
            "pqhr@3": 0.616363926916316,
            "pqhr@5": 0.8276780482608
          },
          "pure_topic": {
            "mrr@5": 0.4895905467071429,
            "ndcg@5": 0.31449642085911883,
            "pqhr@1": 0.3252010866670218,
            "pqhr@3": 0.6008629414584776,
            "pqhr@5": 0.8069567996590848
          },
          "random": {
            "mrr@5": 0.3743186136117259,
            "ndcg@5": 0.2116038262331716,
            "pqhr@1": 0.2045490864539498,
            "pqhr@3": 0.5053001651307729,
            "pqhr@5": 0.6877430352101422
          },
          "recency": {
            "mrr@5": 0.3749604929064577,
            "ndcg@5": 0.2097592362486804,
            "pqhr@1": 0.20881052575507378,
            "pqhr@3": 0.5029031055238907,
            "pqhr@5": 0.6808181963458158
          }
        },
        "sample_count": 18773,
        "trajectory_window": 3
      },
      "5": {
        "metrics": {
          "multi_signal": {
            "mrr@5": 0.5217546476322383,
            "ndcg@5": 0.33789731514775984,
            "pqhr@1": 0.3470942310765461,
            "pqhr@3": 0.6561551163905609,
            "pqhr@5": 0.834070207212486
          },
          "pure_topic": {
            "mrr@5": 0.5334238889184849,
            "ndcg@5": 0.3380009007487645,
            "pqhr@1": 0.37346188675225056,
            "pqhr@3": 0.6556757044691844,
            "pqhr@5": 0.8208064773877377
          },
          "random": {
            "mrr@5": 0.3743186136117259,
            "ndcg@5": 0.2116038262331716,
            "pqhr@1": 0.2045490864539498,
            "pqhr@3": 0.5053001651307729,
            "pqhr@5": 0.6877430352101422
          },
          "recency": {
            "mrr@5": 0.3749604929064577,
            "ndcg@5": 0.2097592362486804,
            "pqhr@1": 0.20881052575507378,
            "pqhr@3": 0.5029031055238907,
            "pqhr@5": 0.6808181963458158
          }
        },
        "sample_count": 18773,
        "trajectory_window": 5
      },
      "7": {
        "metrics": {
          "multi_signal": {
            "mrr@5": 0.5434657930716147,
            "ndcg@5": 0.35327223647130396,
            "pqhr@1": 0.3679752836520535,
            "pqhr@3": 0.6879028391839344,
            "pqhr@5": 0.8457891652905769
          },
          "pure_topic": {
            "mrr@5": 0.5646220636019901,
            "ndcg@5": 0.36212307177622105,
            "pqhr@1": 0.4053694135194162,
            "pqhr@3": 0.6967985937250306,
            "pqhr@5": 0.8414211900069248
          },
          "random": {
            "mrr@5": 0.3743186136117259,
            "ndcg@5": 0.2116038262331716,
            "pqhr@1": 0.2045490864539498,
            "pqhr@3": 0.5053001651307729,
            "pqhr@5": 0.6877430352101422
          },
          "recency": {
            "mrr@5": 0.3749604929064577,
            "ndcg@5": 0.2097592362486804,
            "pqhr@1": 0.20881052575507378,
            "pqhr@3": 0.5029031055238907,
            "pqhr@5": 0.6808181963458158
          }
        },
        "sample_count": 18773,
        "trajectory_window": 7
      }
    }
  },
  "dataset": "longmemeval_public_s",
  "ground_truth": "BM25 top-5",
  "metrics": {
    "heuristic": {
      "mrr@5": 0.5645989808057758,
      "ndcg@5": 0.3620784187144922,
      "pqhr@1": 0.4052628775368881,
      "pqhr@3": 0.6965855217599745,
      "pqhr@5": 0.841634261971981
    },
    "multi_signal": {
      "mrr@5": 0.5434657930716147,
      "ndcg@5": 0.35327223647130396,
      "pqhr@1": 0.3679752836520535,
      "pqhr@3": 0.6879028391839344,
      "pqhr@5": 0.8457891652905769
    },
    "pure_topic": {
      "mrr@5": 0.5646220636019901,
      "ndcg@5": 0.36212307177622105,
      "pqhr@1": 0.4053694135194162,
      "pqhr@3": 0.6967985937250306,
      "pqhr@5": 0.8414211900069248
    },
    "random": {
      "mrr@5": 0.3743186136117259,
      "ndcg@5": 0.2116038262331716,
      "pqhr@1": 0.2045490864539498,
      "pqhr@3": 0.5053001651307729,
      "pqhr@5": 0.6877430352101422
    },
    "recency": {
      "mrr@5": 0.3749604929064577,
      "ndcg@5": 0.2097592362486804,
      "pqhr@1": 0.20881052575507378,
      "pqhr@3": 0.5029031055238907,
      "pqhr@5": 0.6808181963458158
    }
  },
  "predictor_discipline": "trajectory-only; predictors never see target/current conversation",
  "sample_count": 18773,
  "trajectory_window": 7,
  "user_count": 500
}
